{"cameraMode":{"drawMode":0,"name":"Shaded","section":"Shading Mode"},"sceneLighting":true,"audioPlay":false,"sceneViewState":{"showFog":true,"showMaterialUpdate":true,"showSkybox":true,"showFlares":true,"showImageEffects":true,"showParticleSystems":true},"in2DMode":false,"pivot":{"x":-2.1775786876678469,"y":18.936378479003908,"z":-4.375665187835693},"rotation":{"x":0.6403828859329224,"y":0.0982254147529602,"z":-0.08307117968797684,"w":0.7572101950645447},"size":27.120943069458009,"orthographic":true}